<?xml version="1.0" encoding="utf-8"?>
<browserconfig>
  <msapplication>
    <tile>
      <square70x70logo src="http://y4it.org/images/icons_v2/mstile-70x70.png?v=JyyQEqGpyp"/>
      <square150x150logo src="http://y4it.org/images/icons_v2/mstile-150x150.png?v=JyyQEqGpyp"/>
      <square310x310logo src="http://y4it.org/images/icons_v2/mstile-310x310.png?v=JyyQEqGpyp"/>
      <wide310x150logo src="http://y4it.org/images/icons_v2/mstile-310x150.png?v=JyyQEqGpyp"/>
      <TileColor>#603cba</TileColor>
    </tile>
  </msapplication>
</browserconfig>
